 Count,Member,Party,Column1
7309,"Bercow, John",Speaker,white
5698,"May, Theresa",Conservative,#0087DC
3606,"Leadsom, Andrea",Conservative,#0087DC
1828,"Shannon, Jim",Democratic Unionist Party,#D46A4C
1703,"Javid, Sajid",Conservative,#0087DC
1160,"Stride, Mel",Conservative,#0087DC
1133,"Grayling, Chris",Conservative,#0087DC
1130,"Burt, Alistair",Conservative,#0087DC
1120,"Clark, Greg",Conservative,#0087DC
1080,"Hunt, Jeremy",Conservative,#0087DC
1061,"Hancock, Matt",Conservative,#0087DC
979,"Lidington, David",Conservative,#0087DC
951,"Atkins, Victoria",Conservative,#0087DC
950,"Johnson, Boris",Conservative,#0087DC
939,"Hoyle, Lindsay",Speaker,white
896,"Laing, Eleanor",Speaker,white
868,"Barclay, Stephen",Conservative,#0087DC
848,"Brokenshire, James",Conservative,#0087DC
841,"Rudd, Amber",Conservative,#0087DC
838,"Foster, Kevin",Conservative,#0087DC
833,"Bradley, Karen",Conservative,#0087DC
826,"Kerr, Stephen",Conservative,#0087DC
825,"Corbyn, Jeremy",Labour,#DC241f
823,"Hollobone, Philip",Conservative,#0087DC
806,"Bryant, Chris",Labour,#DC241f
780,"Hurd, Nick",Conservative,#0087DC
779,"Raab, Dominic",Conservative,#0087DC
772,"Gove, Michael",Conservative,#0087DC
761,"Gauke, David",Conservative,#0087DC
756,"Brake, Tom",Liberal Democrat,#FAA61A
717,"Hammond, Philip",Conservative,#0087DC
711,"Sheerman, Barry",Labour (Co-op),#CC0000
704,"Fox, Liam",Conservative,#0087DC
697,"Soubry, Anna",Change UK   The Independent Group,#cccccc
691,"Ford, Vicky",Conservative,#0087DC
685,"Brown, Alan",Scottish National Party,#FEF987
676,"Field, Mark",Conservative,#0087DC
667,"Cherry, Joanna",Scottish National Party,#FEF987
665,"Williamson, Gavin",Conservative,#0087DC
663,"Cunningham, Jim",Labour,#DC241f
659,"Thewliss, Alison",Scottish National Party,#FEF987
656,"Duncan, Alan",Conservative,#0087DC
652,"Nokes, Caroline",Conservative,#0087DC
650,"Walker, Robin",Conservative,#0087DC
648,"Davis, David",Conservative,#0087DC
643,"Perry, Claire",Conservative,#0087DC
630,"Stewart, Rory",Conservative,#0087DC
627,"Wright, Jeremy",Conservative,#0087DC
623,"Sweeney, Paul",Labour (Co-op),#CC0000
621,"Hinds, Damian",Conservative,#0087DC
617,"Brine, Steve",Conservative,#0087DC
616,"Linden, David",Scottish National Party,#FEF987
610,"Gibb, Nick",Conservative,#0087DC
608,"Doyle-Price, Jackie",Conservative,#0087DC
608,"Maskell, Rachael",Labour (Co-op),#CC0000
599,"Blackford, Ian",Scottish National Party,#FEF987
591,"Howell, John",Conservative,#0087DC
587,"Sharma, Alok",Conservative,#0087DC
576,"Grant, Peter",Scottish National Party,#FEF987
572,"Hobhouse, Wera",Liberal Democrat,#FAA61A
569,"Chalk, Alex",Conservative,#0087DC
568,"Ellwood, Tobias",Conservative,#0087DC
558,"Starmer, Keir",Labour,#DC241f
556,"Wishart, Pete",Scottish National Party,#FEF987
546,"Graham, Luke",Conservative,#0087DC
542,"Mundell, David",Conservative,#0087DC
540,"Mordaunt, Penny",Conservative,#0087DC
537,"Hollinrake, Kevin",Conservative,#0087DC
536,"Baldwin, Harriett",Conservative,#0087DC
534,"Hayes, John",Conservative,#0087DC
528,"Swayne, Desmond",Conservative,#0087DC
525,"Newton, Sarah",Conservative,#0087DC
524,"Buckland, Robert",Conservative,#0087DC
522,"Baker, Steve",Conservative,#0087DC
521,"Maclean, Rachel",Conservative,#0087DC
518,"James, Margot",Conservative,#0087DC
516,"Norman, Jesse",Conservative,#0087DC
515,"Hendry, Drew",Scottish National Party,#FEF987
514,"Frazer, Lucy",Conservative,#0087DC
509,"Winterton, Rosie",Labour,#DC241f
507,"Blackman, Bob",Conservative,#0087DC
506,"Glen, John",Conservative,#0087DC
500,"Whitford, Philippa",Scottish National Party,#FEF987
497,"MacNeil, Angus Brendan",Scottish National Party,#FEF987
496,"Goodman, Helen",Labour,#DC241f
492,"Redwood, John",Conservative,#0087DC
488,"Truss, Elizabeth",Conservative,#0087DC
488,"Doughty, Stephen",Labour (Co-op),#CC0000
485,"Greening, Justine",Conservative,#0087DC
484,"Leslie, Chris",Change UK   The Independent Group,#cccccc
484,"Wallace, Ben",Conservative,#0087DC
479,"Stephens, Chris",Scottish National Party,#FEF987
463,"Johnson, Joseph",Conservative,#0087DC
460,"Davies, Philip",Conservative,#0087DC
459,"Cash, William",Conservative,#0087DC
459,"Smith, Chloe",Conservative,#0087DC
459,"Gray, Neil",Scottish National Party,#FEF987
458,"Dinenage, Caroline",Conservative,#0087DC
458,"Neill, Robert",Conservative,#0087DC
455,"McVey, Esther",Conservative,#0087DC
454,"Gibson, Patricia",Scottish National Party,#FEF987
454,"Grady, Patrick",Scottish National Party,#FEF987
451,"Cooper, Yvette",Labour,#DC241f
451,"Stewart, Bob",Conservative,#0087DC
447,"McDonald, Stewart Malcolm",Scottish National Party,#FEF987
445,"Bone, Peter",Conservative,#0087DC
445,"Ghani, Nusrat",Conservative,#0087DC
442,"Malthouse, Kit",Conservative,#0087DC
442,"George, Ruth",Labour,#DC241f
439,"Hanson, David",Labour,#DC241f
439,"Ross, Douglas",Conservative,#0087DC
431,"Johnson, Diana",Labour,#DC241f
427,"Drew, David",Labour (Co-op),#CC0000
427,"Sunak, Rishi",Conservative,#0087DC
426,"Lefroy, Jeremy",Conservative,#0087DC
425,"Pow, Rebecca",Conservative,#0087DC
424,"Cartlidge, James",Conservative,#0087DC
424,"Hoare, Simon",Conservative,#0087DC
421,"Tolhurst, Kelly",Conservative,#0087DC
419,"Grieve, Dominic",Conservative,#0087DC
416,"Rees-Mogg, Jacob",Conservative,#0087DC
415,"Benn, Hilary",Labour,#DC241f
412,"Lewis, Julian",Conservative,#0087DC
410,"Jones, Andrew",Conservative,#0087DC
409,"Cairns, Alun",Conservative,#0087DC
409,"Leigh, Edward",Conservative,#0087DC
408,"Merriman, Huw",Conservative,#0087DC
405,"Eustice, George",Conservative,#0087DC
404,"Davey, Edward",Liberal Democrat,#FAA61A
403,"Tomlinson, Justin",Conservative,#0087DC
400,"Harrington, Richard",Conservative,#0087DC
400,"Monaghan, Carol",Scottish National Party,#FEF987
400,"Dowd, Peter",Labour,#DC241f
396,"Coffey, Therese",Conservative,#0087DC
396,"Hammond, Stephen",Conservative,#0087DC
395,"Murray, Ian",Labour,#DC241f
394,"Clarke, Kenneth",Conservative,#0087DC
394,"Slaughter, Andy",Labour,#DC241f
389,"Green, Kate",Labour,#DC241f
389,"Streeting, Wes",Labour,#DC241f
386,"Thomas-Symonds, Nick",Labour,#DC241f
384,"Blackman, Kirsty",Scottish National Party,#FEF987
383,"Madders, Justin",Labour,#DC241f
381,"Courts, Robert",Conservative,#0087DC
380,"Graham, Richard",Conservative,#0087DC
374,"Skidmore, Chris",Conservative,#0087DC
371,"Gethins, Stephen",Scottish National Party,#FEF987
368,"Pollard, Luke",Labour (Co-op),#CC0000
363,"Blomfield, Paul",Labour,#DC241f
363,"Debbonaire, Thangam",Labour,#DC241f
362,"Jenrick, Robert",Conservative,#0087DC
361,"West, Catherine",Labour,#DC241f
360,"Bardell, Hannah",Scottish National Party,#FEF987
358,"Pursglove, Tom",Conservative,#0087DC
353,"McCarthy, Kerry",Labour,#DC241f
353,"Spelman, Caroline",Conservative,#0087DC
352,"Murrison, Andrew",Conservative,#0087DC
351,"Davies, Geraint",Labour (Co-op),#CC0000
350,"Vaz, Valerie",Labour,#DC241f
348,"Hermon, Lady",Independent,#DDDDDD
347,"Jones, Kevan",Labour,#DC241f
347,"Elmore, Chris",Labour,#DC241f
346,"Newlands, Gavin",Scottish National Party,#FEF987
346,"Whitfield, Martin",Labour,#DC241f
345,"Halfon, Robert",Conservative,#0087DC
345,"Kwarteng, Kwasi",Conservative,#0087DC
342,"Lancaster, Mark",Conservative,#0087DC
340,"Paisley, Ian",Democratic Unionist Party,#D46A4C
340,"Stone, Jamie",Liberal Democrat,#FAA61A
337,"Davies, Mims",Conservative,#0087DC
336,"Gapes, Mike",Change UK   The Independent Group,#cccccc
334,"Cox, Geoffrey",Conservative,#0087DC
332,"Letwin, Oliver",Conservative,#0087DC
332,"Loughton, Tim",Conservative,#0087DC
332,"Onn, Melanie",Labour,#DC241f
332,"Grant, Bill",Conservative,#0087DC
331,"Goodwill, Robert",Conservative,#0087DC
331,"Lucas, Caroline",Green Party,#6AB023
331,"Jardine, Christine",Liberal Democrat,#FAA61A
329,"Gyimah, Sam",Conservative,#0087DC
329,"Double, Steve",Conservative,#0087DC
327,"Carmichael, Alistair",Liberal Democrat,#FAA61A
326,"Snell, Gareth",Labour (Co-op),#CC0000
325,"Jenkin, Bernard",Conservative,#0087DC
324,"Betts, Clive",Labour,#DC241f
324,"Sandbach, Antoinette",Conservative,#0087DC
323,"Bruce, Fiona",Conservative,#0087DC
322,"Lamb, Norman",Liberal Democrat,#FAA61A
322,"Main, Anne",Conservative,#0087DC
321,"Creasy, Stella",Labour (Co-op),#CC0000
320,"Zeichner, Daniel",Labour,#DC241f
319,"Sherriff, Paula",Labour,#DC241f
319,"McMahon, Jim",Labour (Co-op),#CC0000
319,"Hughes, Eddie",Conservative,#0087DC
318,"Milton, Anne",Conservative,#0087DC
318,"McInnes, Liz",Labour,#DC241f
316,"Zahawi, Nadhim",Conservative,#0087DC
315,"Opperman, Guy",Conservative,#0087DC
313,"Gillan, Cheryl",Conservative,#0087DC
313,"Wollaston, Sarah",Change UK   The Independent Group,#cccccc
313,"Moran, Layla",Liberal Democrat,#FAA61A
312,"Huddleston, Nigel",Conservative,#0087DC
311,"Edwards, Jonathan",Plaid Cymru,#008142
310,"Abrahams, Debbie",Labour,#DC241f
309,"Griffiths, Andrew",Conservative,#0087DC
307,"Brock, Deidre",Scottish National Party,#FEF987
304,"Philp, Chris",Conservative,#0087DC
303,"Brennan, Kevin",Labour,#DC241f
301,"Cunningham, Alex",Labour,#DC241f
300,"Vickers, Martin",Conservative,#0087DC
300,"Argar, Edward",Conservative,#0087DC
300,"Sobel, Alex",Labour (Co-op),#CC0000
299,"Quince, Will",Conservative,#0087DC
299,"McDonald, Stuart C.",Scottish National Party,#FEF987
297,"Russell-Moyle, Lloyd",Labour (Co-op),#CC0000
295,"Twist, Liz",Labour,#DC241f
293,"Owen, Albert",Labour,#DC241f
293,"Tomlinson, Michael",Conservative,#0087DC
292,"Dunne, Philip",Conservative,#0087DC
291,"Elphicke, Charlie",Conservative,#0087DC
290,"Francois, Mark",Conservative,#0087DC
289,"Field, Frank",Independent,#DDDDDD
288,"Campbell, Gregory",Democratic Unionist Party,#D46A4C
288,"Onwurah, Chi",Labour,#DC241f
285,"Greenwood, Lilian",Labour,#DC241f
285,"Saville Roberts, Liz",Plaid Cymru,#008142
285,"Sheppard, Tommy",Scottish National Party,#FEF987
283,"Hodgson, Sharon",Labour,#DC241f
282,"Andrew, Stuart",Conservative,#0087DC
282,"Duncan Smith, Iain",Conservative,#0087DC
282,"Gaffney, Hugh",Labour,#DC241f
281,"Harper, Mark",Conservative,#0087DC
281,"Penning, Mike",Conservative,#0087DC
281,"Timms, Stephen",Labour,#DC241f
280,"Docherty-Hughes, Martin",Scottish National Party,#FEF987
280,"Burghart, Alex",Conservative,#0087DC
279,"Kinnock, Stephen",Labour,#DC241f
279,"Charalambous, Bambos",Labour,#DC241f
278,"Hardy, Emma",Labour,#DC241f
275,"Berry, Jake",Conservative,#0087DC
275,"Smith, Nick",Labour,#DC241f
274,"Knight, Julian",Conservative,#0087DC
274,"Lamont, John",Conservative,#0087DC
272,"Abbott, Diane",Labour,#DC241f
272,"Lloyd, Tony",Labour,#DC241f
271,"Ellis, Michael",Conservative,#0087DC
270,"Creagh, Mary",Labour,#DC241f
269,"Crouch, Tracey",Conservative,#0087DC
269,"Wilson, Sammy",Democratic Unionist Party,#D46A4C
269,"Dowden, Oliver",Conservative,#0087DC
267,"Prentis, Victoria",Conservative,#0087DC
264,"Rutley, David",Conservative,#0087DC
263,"Morris, Grahame",Labour,#DC241f
262,"Matheson, Christian",Labour,#DC241f
261,"Chope, Christopher",Conservative,#0087DC
261,"Masterton, Paul",Conservative,#0087DC
259,"Penrose, John",Conservative,#0087DC
258,"Dakin, Nic",Labour,#DC241f
258,"Selous, Andrew",Conservative,#0087DC
258,"Cameron, Lisa",Scottish National Party,#FEF987
257,"Martin, Sandy",Labour,#DC241f
255,"Ashworth, Jonathan",Labour (Co-op),#CC0000
255,"Huq, Rupa",Labour,#DC241f
254,"Moon, Madeleine",Labour,#DC241f
252,"Green, Damian",Conservative,#0087DC
252,"O'Hara, Brendan",Scottish National Party,#FEF987
251,"Wheeler, Heather",Conservative,#0087DC
251,"Woodcock, John",Independent,#DDDDDD
251,"Whately, Helen",Conservative,#0087DC
249,"Cable, Vince",Liberal Democrat,#FAA61A
249,"Howarth, George",Labour,#DC241f
249,"Jones, Marcus",Conservative,#0087DC
249,"Clark, Colin",Conservative,#0087DC
248,"McDonagh, Siobhain",Labour,#DC241f
248,"Wood, Mike",Labour,#DC241f
248,"O'Brien, Neil",Conservative,#0087DC
247,"Tugendhat, Tom",Conservative,#0087DC
247,"Heappey, James",Conservative,#0087DC
247,"Western, Matt",Labour,#DC241f
246,"Miller, Maria",Conservative,#0087DC
245,"Haigh, Louise",Labour,#DC241f
243,"Dodds, Anneliese",Labour (Co-op),#CC0000
243,"Hair, Kirstene",Conservative,#0087DC
242,"Eagle, Angela",Labour,#DC241f
242,"Villiers, Theresa",Conservative,#0087DC
242,"McDonald, Andy",Labour,#DC241f
242,"Thomson, Ross",Conservative,#0087DC
240,"De Cordova, Marsha",Labour,#DC241f
239,"Perkins, Toby",Labour,#DC241f
237,"Coaker, Vernon",Labour,#DC241f
237,"Cadbury, Ruth",Labour,#DC241f
236,"Hands, Greg",Conservative,#0087DC
236,"Braverman, Suella",Conservative,#0087DC
235,"Thornberry, Emily",Labour,#DC241f
235,"Scully, Paul",Conservative,#0087DC
234,"Bebb, Guto",Conservative,#0087DC
234,"Pennycook, Matthew",Labour,#DC241f
233,"Spellar, John",Labour,#DC241f
233,"Throup, Maggie",Conservative,#0087DC
233,"Amesbury, Mike",Labour,#DC241f
232,"Brown, Lyn",Labour,#DC241f
232,"Dodds, Nigel",Democratic Unionist Party,#D46A4C
232,"McMorrin, Anna",Labour,#DC241f
230,"Robinson, Gavin",Democratic Unionist Party,#D46A4C
230,"Norris, Alex",Labour (Co-op),#CC0000
228,"Efford, Clive",Labour,#DC241f
227,"Parish, Neil",Conservative,#0087DC
227,"Caulfield, Maria",Conservative,#0087DC
226,"Fabricant, Michael",Conservative,#0087DC
225,"Lucas, Ian C.",Labour,#DC241f
225,"Reeves, Ellie",Labour,#DC241f
224,"Amess, David",Conservative,#0087DC
224,"Smith, Henry",Conservative,#0087DC
224,"Stevens, Jo",Labour,#DC241f
224,"Day, Martyn",Scottish National Party,#FEF987
222,"Brabin, Tracy",Labour (Co-op),#CC0000
220,"Bridgen, Andrew",Conservative,#0087DC
220,"Gwynne, Andrew",Labour,#DC241f
220,"Maynard, Paul",Conservative,#0087DC
219,"Swire, Hugo",Conservative,#0087DC
217,"Ryan, Joan",Change UK   The Independent Group,#cccccc
216,"Thomas, Gareth",Labour (Co-op),#CC0000
215,"Fallon, Michael",Conservative,#0087DC
214,"Twigg, Stephen",Labour (Co-op),#CC0000
213,"Bradshaw, Ben",Labour,#DC241f
213,"McKinnell, Catherine",Labour,#DC241f
212,"Johnson, Caroline",Conservative,#0087DC
211,"Heaton-Harris, Chris",Conservative,#0087DC
210,"McGovern, Alison",Labour,#DC241f
209,"Lewis, Brandon",Conservative,#0087DC
209,"Smith, Owen",Labour,#DC241f
208,"Malhotra, Seema",Labour (Co-op),#CC0000
208,"Smeeth, Ruth",Labour,#DC241f
207,"Lee, Karen",Labour,#DC241f
206,"Pawsey, Mark",Conservative,#0087DC
205,"Reeves, Rachel",Labour,#DC241f
205,"Swinson, Jo",Liberal Democrat,#FAA61A
202,"Docherty, Leo",Conservative,#0087DC
201,"Gardiner, Barry",Labour,#DC241f
201,"Patel, Priti",Conservative,#0087DC
201,"Khan, Afzal",Labour,#DC241f
201,"Peacock, Stephanie",Labour,#DC241f
200,"Chapman, Jenny",Labour,#DC241f
200,"Powell, Lucy",Labour (Co-op),#CC0000
199,"McFadden, Pat",Labour,#DC241f
199,"Donelan, Michelle",Conservative,#0087DC
199,"Green, Chris",Conservative,#0087DC
197,"Blunt, Crispin",Conservative,#0087DC
197,"Bowie, Andrew",Conservative,#0087DC
196,"Aldous, Peter",Conservative,#0087DC
196,"Evans, Nigel",Conservative,#0087DC
195,"McCabe, Steve",Labour,#DC241f
195,"Clarke, Simon",Conservative,#0087DC
194,"Berger, Luciana",Change UK   The Independent Group,#cccccc
194,"Gray, James",Conservative,#0087DC
193,"Esterson, Bill",Labour,#DC241f
193,"Dhesi, Tanmanjeet Singh",Labour,#DC241f
191,"Fitzpatrick, Jim",Labour,#DC241f
191,"Pound, Stephen",Labour,#DC241f
190,"Bottomley, Peter",Conservative,#0087DC
190,"Goldsmith, Zac",Conservative,#0087DC
190,"Greenwood, Margaret",Labour,#DC241f
190,"Seely, Bob",Conservative,#0087DC
190,"Smith, Laura",Labour,#DC241f
189,"Dromey, Jack",Labour,#DC241f
189,"Rayner, Angela",Labour,#DC241f
188,"Kane, Mike",Labour,#DC241f
187,"David, Wayne",Labour,#DC241f
187,"Kyle, Peter",Labour,#DC241f
186,"Warman, Matt",Conservative,#0087DC
185,"Baron, John",Conservative,#0087DC
183,"Clifton-Brown, Geoffrey",Conservative,#0087DC
183,"Smyth, Karin",Labour,#DC241f
182,"Farron, Tim",Liberal Democrat,#FAA61A
182,"Offord, Matthew",Conservative,#0087DC
181,"Bailey, Adrian",Labour (Co-op),#CC0000
181,"Harris, Carolyn",Labour,#DC241f
180,"Bellingham, Henry",Conservative,#0087DC
178,"Crabb, Stephen",Conservative,#0087DC
178,"Grogan, John",Labour,#DC241f
178,"Morgan, Nicky",Conservative,#0087DC
178,"Cleverly, James",Conservative,#0087DC
178,"Hayes, Helen",Labour,#DC241f
177,"Lloyd, Stephen",Independent,#DDDDDD
177,"Cowan, Ronnie",Scottish National Party,#FEF987
177,"Thomas, Derek",Conservative,#0087DC
177,"Trevelyan, Anne-Marie",Conservative,#0087DC
176,"Buck, Karen",Labour,#DC241f
172,"Stringer, Graham",Labour,#DC241f
172,"Little Pengelly, Emma",Democratic Unionist Party,#D46A4C
171,"Byrne, Liam",Labour,#DC241f
171,"Phillips, Jess",Labour,#DC241f
171,"Carden, Dan",Labour,#DC241f
169,"Keeley, Barbara",Labour,#DC241f
169,"Smith, Angela",Change UK   The Independent Group,#cccccc
169,"Afolami, Bim",Conservative,#0087DC
168,"Heald, Oliver",Conservative,#0087DC
167,"Lee, Phillip",Conservative,#0087DC
167,"Davies, Chris",Liberal Democrat,#FAA61A
166,"Williams, Paul",Labour,#DC241f
165,"Davies, David T. C.",Conservative,#0087DC
165,"Jones, Helen",Labour,#DC241f
165,"Foxcroft, Vicky",Labour,#DC241f
164,"Mearns, Ian",Labour,#DC241f
164,"Fellows, Marion",Scottish National Party,#FEF987
163,"Jones, Graham P",Labour,#DC241f
163,"Quin, Jeremy",Conservative,#0087DC
163,"Brereton, Jack",Conservative,#0087DC
162,"Austin, Ian",Independent,#DDDDDD
162,"Walker, Charles",Conservative,#0087DC
161,"Benyon, Richard",Conservative,#0087DC
161,"Duguid, David",Conservative,#0087DC
161,"Lake, Ben",Plaid Cymru,#008142
158,"Law, Chris",Scottish National Party,#FEF987
158,"Watling, Giles",Conservative,#0087DC
156,"Morden, Jessica",Labour,#DC241f
156,"Williams, Hywel",Plaid Cymru,#008142
155,"Hoey, Kate",Labour,#DC241f
155,"Hosie, Stewart",Scottish National Party,#FEF987
155,"Kawczynski, Daniel",Conservative,#0087DC
154,"Bradley, Ben",Conservative,#0087DC
154,"Hill, Mike",Labour,#DC241f
153,"Hollingbery, George",Conservative,#0087DC
153,"McDonnell, John",Labour,#DC241f
153,"Umunna, Chuka",Change UK   The Independent Group,#cccccc
153,"Vara, Shailesh",Conservative,#0087DC
153,"Coyle, Neil",Labour,#DC241f
152,"Mitchell, Andrew",Conservative,#0087DC
152,"Percy, Andrew",Conservative,#0087DC
152,"Antoniazzi, Tonia",Labour,#DC241f
152,"Rodda, Matt",Labour,#DC241f
152,"Yasin, Mohammad",Labour,#DC241f
151,"Reynolds, Jonathan",Labour (Co-op),#CC0000
151,"Lewell-Buck, Emma",Labour,#DC241f
150,"Robertson, Laurence",Conservative,#0087DC
150,"Jayawardena, Ranil",Conservative,#0087DC
150,"Long Bailey, Rebecca",Labour,#DC241f
150,"Smith, Jeff",Labour,#DC241f
149,"Crawley, Angela",Scottish National Party,#FEF987
149,"Killen, Ged",Labour (Co-op),#CC0000
148,"Drax, Richard",Conservative,#0087DC
148,"Jones, Susan Elan",Labour,#DC241f
148,"McLoughlin, Patrick",Conservative,#0087DC
148,"Jones, Sarah",Labour,#DC241f
147,"Vaizey, Edward",Conservative,#0087DC
147,"Mann, Scott",Conservative,#0087DC
147,"Keegan, Gillian",Conservative,#0087DC
146,"Hillier, Meg",Labour (Co-op),#CC0000
146,"Soames, Nicholas",Conservative,#0087DC
146,"Turley, Anna",Labour (Co-op),#CC0000
145,"Hussain, Imran",Labour,#DC241f
144,"Ruane, Chris",Labour,#DC241f
143,"Poulter, Dan",Conservative,#0087DC
143,"Stephenson, Andrew",Conservative,#0087DC
143,"Pidcock, Laura",Labour,#DC241f
143,"Rowley, Danielle",Labour,#DC241f
142,"Kennedy, Seema",Conservative,#0087DC
141,"Ali, Rushanara",Labour,#DC241f
141,"Reynolds, Emma",Labour,#DC241f
141,"Allen, Heidi",Change UK   The Independent Group,#cccccc
140,"Whitehead, Alan",Labour,#DC241f
139,"Reed, Steve",Labour (Co-op),#CC0000
139,"Jones, Gerald",Labour,#DC241f
138,"Gale, Roger",Conservative,#0087DC
138,"Qureshi, Yasmin",Labour,#DC241f
136,"Latham, Pauline",Conservative,#0087DC
135,"Griffith, Nia",Labour,#DC241f
135,"Jarvis, Dan",Labour,#DC241f
135,"Cummins, Judith",Labour,#DC241f
134,"Blackman-Woods, Roberta",Labour,#DC241f
134,"Hopkins, Kelvin",Independent,#DDDDDD
134,"Murray, Sheryll",Conservative,#0087DC
133,"Duddridge, James",Conservative,#0087DC
133,"Lammy, David",Labour,#DC241f
133,"Robinson, Mary",Conservative,#0087DC
133,"Rowley, Lee",Conservative,#0087DC
133,"Walker, Thelma",Labour,#DC241f
132,"Burden, Richard",Labour,#DC241f
131,"Lopez, Julia",Conservative,#0087DC
130,"Jenkyns, Andrea",Conservative,#0087DC
129,"Adams, Nigel",Conservative,#0087DC
129,"Mackinlay, Craig",Conservative,#0087DC
129,"Fysh, Marcus",Conservative,#0087DC
129,"Heaton-Jones, Peter",Conservative,#0087DC
128,"McGinn, Conor",Labour,#DC241f
127,"Stuart, Graham",Conservative,#0087DC
127,"Morton, Wendy",Conservative,#0087DC
126,"Burgon, Richard",Labour,#DC241f
124,"De Piero, Gloria",Labour,#DC241f
124,"Glindon, Mary",Labour,#DC241f
124,"Menzies, Mark",Conservative,#0087DC
124,"Smith, Cat",Labour,#DC241f
123,"Pritchard, Mark",Conservative,#0087DC
121,"Chapman, Douglas",Scottish National Party,#FEF987
120,"Healey, John",Labour,#DC241f
120,"Jones, David",Conservative,#0087DC
120,"Knight, Greg",Conservative,#0087DC
120,"Paterson, Owen",Conservative,#0087DC
120,"Platt, Jo",Labour (Co-op),#CC0000
119,"Eagle, Maria",Labour,#DC241f
119,"Ellman, Louise",Labour (Co-op),#CC0000
119,"Tracey, Craig",Conservative,#0087DC
118,"Hayman, Sue",Labour,#DC241f
117,"Allan, Lucy",Conservative,#0087DC
117,"Cooper, Julie",Labour,#DC241f
116,"Allin-Khan, Rosena",Labour,#DC241f
116,"Gill, Preet Kaur",Labour (Co-op),#CC0000
114,"Phillipson, Bridget",Labour,#DC241f
114,"Shelbrooke, Alec",Conservative,#0087DC
114,"Whittingdale, John",Conservative,#0087DC
114,"Wragg, William",Conservative,#0087DC
113,"Lewis, Ivan",Independent,#DDDDDD
113,"Marsden, Gordon",Labour,#DC241f
113,"Tami, Mark",Labour,#DC241f
112,"Donaldson, Jeffrey M.",Democratic Unionist Party,#D46A4C
112,"Dorries, Nadine",Conservative,#0087DC
112,"Jones, Darren",Labour,#DC241f
111,"Flint, Caroline",Labour,#DC241f
111,"Watson, Tom",Labour,#DC241f
111,"Furniss, Gill",Labour,#DC241f
110,"Evans, Chris",Labour (Co-op),#CC0000
110,"Champion, Sarah",Labour,#DC241f
109,"Mak, Alan",Conservative,#0087DC
109,"Harrison, Trudy",Conservative,#0087DC
108,"Butler, Dawn",Labour,#DC241f
108,"Evennett, David",Conservative,#0087DC
108,"McNally, John",Scottish National Party,#FEF987
107,"Wiggin, Bill",Conservative,#0087DC
107,"Costa, Alberto",Conservative,#0087DC
105,"Herbert, Nick",Conservative,#0087DC
104,"Mills, Nigel",Conservative,#0087DC
104,"Simpson, David",Democratic Unionist Party,#D46A4C
103,"Lopresti, Jack",Conservative,#0087DC
103,"Wilson, Phil",Labour,#DC241f
102,"Rosindell, Andrew",Conservative,#0087DC
102,"Streeter, Gary",Conservative,#0087DC
101,"Mann, John",Labour,#DC241f
99,"Rashid, Faisal",Labour,#DC241f
98,"Siddiq, Tulip",Labour,#DC241f
98,"Hall, Luke",Conservative,#0087DC
97,"Bacon, Richard",Conservative,#0087DC
97,"Clwyd, Ann",Labour,#DC241f
95,"Flynn, Paul",Labour,#DC241f
95,"Onasanya, Fiona",Independent,#DDDDDD
95,"Daby, Janet",Labour,#DC241f
94,"Collins, Damian",Conservative,#0087DC
94,"Hamilton, Fabian",Labour,#DC241f
94,"Skinner, Dennis",Labour,#DC241f
93,"Cryer, John",Labour,#DC241f
93,"Liddell-Grainger, Ian",Conservative,#0087DC
92,"Boles, Nick",Independent,#DDDDDD
91,"Turner, Karl",Labour,#DC241f
90,"Badenoch, Kemi",Conservative,#0087DC
90,"Jack, Alister",Conservative,#0087DC
89,"Mahmood, Khalid",Labour,#DC241f
89,"Morris, David",Conservative,#0087DC
89,"Nandy, Lisa",Labour,#DC241f
88,"Black, Mhairi",Scottish National Party,#FEF987
87,"Sturdy, Julian",Conservative,#0087DC
87,"Frith, James",Labour,#DC241f
86,"Chishti, Rehman",Conservative,#0087DC
86,"Djanogly, Jonathan",Conservative,#0087DC
86,"Kendall, Liz",Labour,#DC241f
85,"Sharma, Virendra",Labour,#DC241f
85,"Mercer, Johnny",Conservative,#0087DC
84,"Lewis, Clive",Labour,#DC241f
84,"Lynch, Holly",Labour,#DC241f
84,"Moore, Damien",Conservative,#0087DC
83,"Morris, James",Conservative,#0087DC
81,"Stevenson, John",Conservative,#0087DC
79,"Freeman, George",Conservative,#0087DC
79,"Garnier, Mark",Conservative,#0087DC
78,"Rimmer, Marie",Labour,#DC241f
77,"Girvan, Paul",Democratic Unionist Party,#D46A4C
77,"Smith, Eleanor",Labour,#DC241f
76,"Stewart, Iain",Conservative,#0087DC
76,"Dent Coad, Emma",Labour,#DC241f
75,"Fovargue, Yvonne",Labour,#DC241f
75,"Metcalfe, Stephen",Conservative,#0087DC
74,"Johnson, Gareth",Conservative,#0087DC
72,"Shah, Naz",Labour,#DC241f
71,"Farrelly, Paul",Labour,#DC241f
69,"Morris, Anne Marie",Conservative,#0087DC
68,"Harman, Harriet",Labour,#DC241f
68,"Henderson, Gordon",Conservative,#0087DC
68,"Hodge, Margaret",Labour,#DC241f
68,"Laird, Lesley",Labour,#DC241f
68,"Morgan, Stephen",Labour,#DC241f
67,"Hepburn, Stephen",Labour,#DC241f
67,"Williamson, Chris",Independent,#DDDDDD
67,"Churchill, Jo",Conservative,#0087DC
66,"Vaz, Keith",Labour,#DC241f
65,"Holloway, Adam",Conservative,#0087DC
65,"Duffield, Rosie",Labour,#DC241f
64,"Alexander, Heidi",Labour,#DC241f
63,"Lewer, Andrew",Conservative,#0087DC
61,"Crausby, David",Labour,#DC241f
61,"Tredinnick, David",Conservative,#0087DC
61,"Milling, Amanda",Conservative,#0087DC
60,"Cooper, Rosie",Labour,#DC241f
60,"Hart, Simon",Conservative,#0087DC
59,"Barron, Kevin",Labour,#DC241f
56,"Beresford, Paul",Conservative,#0087DC
55,"Shuker, Gavin",Change UK   The Independent Group,#cccccc
55,"Twigg, Derek",Labour,#DC241f
55,"Fletcher, Colleen",Labour,#DC241f
55,"Osamor, Kate",Labour (Co-op),#CC0000
54,"Prisk, Mark",Conservative,#0087DC
53,"Smith, Royston",Conservative,#0087DC
51,"McPartland, Stephen",Conservative,#0087DC
51,"Syms, Robert",Conservative,#0087DC
50,"Davies, Glyn",Conservative,#0087DC
48,"Miliband, Edward",Labour,#DC241f
48,"Rees, Christina",Labour (Co-op),#CC0000
47,"Pearce, Teresa",Labour,#DC241f
47,"Shapps, Grant",Conservative,#0087DC
44,"Lord, Jonathan",Conservative,#0087DC
42,"Smith, Julian",Conservative,#0087DC
42,"Trickett, Jon",Labour,#DC241f
40,"Brady, Graham",Conservative,#0087DC
40,"Elliott, Julie",Labour,#DC241f
40,"Robinson, Geoffrey",Labour,#DC241f
40,"Warburton, David",Conservative,#0087DC
37,"Afriyie, Adam",Conservative,#0087DC
37,"Hendrick, Mark",Labour (Co-op),#CC0000
36,"Grant, Helen",Conservative,#0087DC
29,"Beckett, Margaret",Labour,#DC241f
29,"Spencer, Mark",Conservative,#0087DC
28,"Mahmood, Shabana",Labour,#DC241f
27,"Jones, Ruth",Labour,#DC241f
26,"Campbell, Ronnie",Labour,#DC241f
23,"Burns, Conor",Conservative,#0087DC
22,"Brown, Nicholas",Labour,#DC241f
19,"Godsiff, Roger",Labour,#DC241f
18,"Cruddas, Jon",Labour,#DC241f
18,"Pincher, Christopher",Conservative,#0087DC
17,"Coffey, Ann",Change UK   The Independent Group,#cccccc
15,"Simpson, Keith",Conservative,#0087DC
13,"Campbell, Alan",Labour,#DC241f
11,"Hollern, Kate",Labour,#DC241f
9,"Lavery, Ian",Labour,#DC241f
7,"O'Mara, Jared",Independent,#DDDDDD
5,"Whittaker, Craig",Conservative,#0087DC
3,"Dodds, Jane",Liberal Democrat,#FAA61A
1,"Forbes, Lisa",Labour,#DC241f
